{"cameraMode":{"drawMode":0,"name":"Shaded","section":"Shading Mode"},"sceneLighting":false,"audioPlay":false,"sceneViewState":{"m_AlwaysRefresh":false,"showFog":true,"showSkybox":false,"showFlares":true,"showImageEffects":true,"showParticleSystems":true,"showVisualEffectGraphs":true,"m_FxEnabled":true},"in2DMode":false,"pivot":{"x":0.29499995708465578,"y":0.38953280448913576,"z":0.6579999923706055},"rotation":{"x":0.08638103306293488,"y":0.904194712638855,"z":-0.2192583680152893,"w":0.35622459650039675},"size":0.9838877320289612,"orthographic":false}