{"cameraMode":{"drawMode":0,"name":"Shaded","section":"Shading Mode"},"sceneLighting":false,"audioPlay":false,"sceneViewState":{"m_AlwaysRefresh":false,"showFog":true,"showSkybox":false,"showFlares":true,"showImageEffects":true,"showParticleSystems":true,"showVisualEffectGraphs":true,"m_FxEnabled":true},"in2DMode":false,"pivot":{"x":-0.7423117160797119,"y":-0.31290745735168459,"z":1.3439631462097169},"rotation":{"x":-0.16927097737789155,"y":0.32492271065711977,"z":-0.059230271726846698,"w":-0.9285827875137329},"size":2.7115609645843508,"orthographic":false}